Feature,SMD_Before,SMD_After
pre_metro_median_price,-0.036896971009506604,0.43945014845613506
pre_metro_price_growth,-0.02330582979814319,-1.971336805213588
log_transaction_volume,-0.31699818484255327,0.8587168777106696
dist_nearest_arterial_road,0.13114365505236592,0.22331585932217843
zone_north_chennai,0.7749053349916268,0.0
zone_south_chennai,-2.0238899070355956,0.0
